{
    "A fresh verification link has been sent to your email address.": "Ein neuer Bestätigungslink wurde an Ihre E-Mail-Adresse gesendet.",
	"Note: After clicking on the button, you will be directed to a secure gateway for payment. After completing the payment process, you will be redirected back to the website.":"Hinweis: Nachdem Sie auf die Schaltfläche geklickt haben, werden Sie zu einem sicheren Gateway für die Zahlung weitergeleitet. Nach Abschluss des Zahlungsvorgangs werden Sie wieder auf die Website zurückgeleitet.",
	"Your subscription has been expired":"Dein Abonnement ist abgelaufen",                 
	"Send":"Senden",
	"Your message":"Deine Nachricht",
	"To...":"An...",
	"Search":"Suche",
	"No streams were found":"Keine Streams gefunden",
	"at":"zu",
	"and i agree that i am at least 18 years old.":"und ich bestätige, dass ich mindestens 18 Jahre alt bin.",	
	"Birthdate":"Geburtsdatum",	
	"Reply":"Antworten",
	"Show comments":"Kommentare anzeigen",
	"Login to subscribe":"Anmelden/Registrieren",
	"Please complete all billing details":"Bitte füllen Sie alle Rechnungsdetails aus",
	"Billing agreement details":"Rechungsdetails",
	"Payment method":"Zahlungsmethode",
	"Send a tip":"Spenden",
	"Send a tip to this user":"Spenden an Benutzer",	
	"Taxes": "Steuer",
	"Subtotal":"Zwischensumme",
	"Total":"Summe",
	"First Name":"Vorname",
	"First name":"Vorname",
	"Last Name":"Nachname",
	"Last name":"Nachname",
	"This field is required":"Dieses Feld ist erforderlich",
	"Country":"Land",
	"Select a country":"Land wählen",
	"City":"Stadt",
	"State":"Bundesland",
	"Postcode":"Postleitzahl",
	"Address":"Adresse",
    "Account": "Account",
	"Street address, apartment, suite, unit":"...",
    "Add funds": "Füge Geld hinzu",
    "Add to your lists": "Zu Ihren Listen hinzufügen",
    "Add your card?": "Füge deine Karte hinzu?",
    "All": "Alles",
    "All rights reserved.": "Alle Rechte vorbehalten.",
    "Already got an account?": "Sie haben bereits ein Konto?",
    "Amount": "Betrag",
    "Amount ($5 min, $500 max)": "Betrag (:currency:min min, :currency:max max)",
    "Are you sure you want to clear all members out of current list?": "Möchten Sie wirklich alle Mitglieder aus der aktuellen Liste löschen?",
    "Are you sure you want to delete this list?": "Möchten Sie diese Liste wirklich löschen?",
    "Are you sure you want to delete this post?": "Möchten Sie diesen Beitrag wirklich löschen?",
    "Audio": "Audio",
    "Available funds. You can deposit more money or become a creator to earn more.": "Verfügbares Vermögen. Sie können mehr Geld einzahlen",
    "Before proceeding, please check your email for a verification link.": "Bevor Sie fortfahren, überprüfen Sie bitte Ihre E-Mail auf einen Bestätigungslink.",
    "Bio": "Bio",
    "Blog": "Blog",
    "Edit": "Bearbeiten",
    "Set post price" : "Preis für Post festlegen",
    "Price": "Preis",
    "Bookmark this post": "Lesezeichen für diesen Beitrag",
    "Bookmarks": "Lesezeichen",
    "Contacts": "Kontakte",
    "Checkout": "Checkout",
    "Clear": "Leeren",
    "Clear list": "Liste leeren",
    "Manual payouts": "Manuelle Auszahlungen",
    "Request withdrawal": "Auszahlung beantragen",
    "Pending balance": "Ausstehende Summe",
    "Payment account" : "Zahlungsaccount",
    "Bank account" : "Bankverbindung",
    "PayPal email" : "PayPal E-Mail",
    "Wallet address" : "Auszahlungsadresse",
    "Bank account, notes, etc": "Bankverbindung, Notizen, etc",
    "Full access to this user's content": "Vollständiger Zugriff auf die Inhalte dieses Benutzers",
    "Direct message with this user": "Direktnachricht mit diesem Benutzer",
    "Cancel your subscription at any time": "Kündigen Sie Ihr Abonnement jederzeit",
    "Click the text bubble to send a new message.": "Klicken Sie auf das Symbol oben, um eine neue Nachricht zu senden.",
    "Close": "Schließen",
    "Write a new post, drag and drop files to add attachments.": "Schreiben Sie einen neuen Beitrag, ziehen Sie Dateien per Drag-and-Drop, um Anhänge hinzuzufügen.",
    "Confirm Password": "Passwort bestätigen",
    "Confirm password": "Passwort bestätigen",
    "Confirm your email address.": "E-Mail Adresse bestätigen",
    "Contact page": "Kontakt",
    "Terms & conditions": "AGB",
    "Copy post link": "Beitragslink kopieren",
    "Copy profile link": "Profillink kopieren",
    "Create a new list": "Erstellen Sie eine neue Liste",
    "Credit card": "Kreditkarte",
    "Dark mode": "Dunkeler Modus",
    "Delete": "Löschen",
    "Delete account": "Account löschen",
    "Delete list": "Liste löschen",
    "Delete post": "Post löschen",
    "Deposit": "Einzahlung",
    "Documentation": "Dokumentation",
    "Don't have an account?": "Sie haben noch keinen Account?",
    "E-Mail Address": "E-Mail Adresse",
    "Edit post": "Post bearbeiten",
    "Edit profile": "Profil bearbeiten",
    "Explore": "Explore",
    "Find a creator": "Creator finden",
    "Forgot Your Password?": "Passwort vergessen?",
    "Free account only": "Nur kostenloser Account",
    "From": "von",
    "Full name": "Vollständiger Name",
    "Get verified and start to earning now": "Lassen Sie sich verifizieren und verdienen Sie jetzt",
    "Help and support": "Hilfe und Support",
    "Hide bundles": "Pakete verstecken",
    "Unfollow": "Nicht mehr folgen",
    "Home": "Startseite",
    "I agree to the": "Ich stimme ",
    "If you did not receive the email": "Wenn Sie die E-Mail nicht erhalten haben",
    "In order to get verified and receive your badge, please take care of the following steps:": "Um verifiziert zu werden und Ihr Abzeichen zu erhalten, führen Sie bitte die folgenden Schritte aus:",
    "Is public account": "Öffentlicher Account",
    "Language": "Sprache",
    "Light mode": "Heller Modus",
    "Like": "Like",
    "Likes": "Likes",
    "List name": "Name der Liste",
    "Lists": "Listen",
    "Loading...": "Lädt...",
    "Location": "Ort",
    "Locked": "Gesperrt",
    "Log out": "Abmelden",
    "Login": "Anmelden",
    "Make more money": "Mehr Geld machen",
    "become a creator long" : "Werden Sie ein Ersteller und veröffentlichen Sie Ihre Premium-Inhalte sicher auf unserer Plattform. Verdienen Sie bis zu 85 % an Ihren Verkäufen und erfreuen Sie sich an einer stabilen Fangemeinde.",
    "Manage": "verwalten",
    "Manage your account": "Account verwalten",
    "Manage your account settings": "Account Einstellungen verwalten",
    "No suggestions available" : "Keine Vorschläge verfügbar",
    "Become a creator": "Creator werden",
    "Featured creators": "Vorgeschlagene Creator",
    "Here's list of currated content creators to start exploring now!": "Hier ist eine Liste von Erstellern kuratierter Inhalte, die Sie jetzt erkunden können!",
    "Got questions?" : "Sie haben Fragen?",
    "Don't hesitate to send us a message at" : "Zögern Sie nicht, uns eine Nachricht unter zu senden",
    "Send a tip to this user": "Senden Sie eine Spende an diesen Benutzer",
    "Your payment have been successfully initiated but needs to await for approval": "Ihre Zahlung wurde erfolgreich initiiert, muss aber auf die Genehmigung warten",

    "Main features" : "Hauptfunktionen",
    "Here's a glimpse at the main features our script offers" : "Hier ist ein Blick auf die Hauptfunktionen, die unser Skript bietet",

    "Mobile Ready": "Mobilfreundlich",
    "Cross compatible & mobile first design.": "Kompatibel und Mobile-First-Design..",

    "Advanced Admin panel": "Erweitertes Admin-Panel",
    "Easy to use, fully featured admin panel.": "Einfach zu bedienendes, voll funktionsfähiges Admin-Panel.",

    "User subscriptions": "Benutzerabonnements",
    "Easy to use and reliable subscriptions system.": "Einfach zu bedienendes und zuverlässiges Abonnementsystem.",

    "User feed & Locked posts": "Benutzer-Feed und gesperrte Beiträge",
    "Advanced feed system, pay to unlock posts.": "Erweitertes Feed-System, bezahlen, um Beiträge freizuschalten.",

    "Light & Dark themes": "Helle und dunkle Themes",
    "Eazy to customize themes, dark & light mode.": "Einfaches Anpassen von Themes, dunkler und heller Modus.",

    "RTL & Locales": "RTL & Lokale",
    "Fully localize your site with languages & RTL.": "Lokalisieren Sie Ihre Website vollständig mit Sprachen und RTL.",

    "Live chat & Notifications": "Live-Chat und Benachrichtigungen",
    "Live user messenger & User notifications.": "Live-Benutzer-Messenger und Benutzerbenachrichtigungen.",

    "Post Bookmarks & User lists": "Veröffentlichen Sie Lesezeichen und Benutzerlisten",
    "Stay updated with list users and bookmarks.": "Bleiben Sie mit Listenbenutzern und Lesezeichen auf dem Laufenden.",

    "Content flagging and User reports": "Inhaltskennzeichnung und Benutzerberichte",
    "Stay safe with user and content reporting.": "Stay safe with user and content reporting.",

    "Technologies used": "Bleiben Sie sicher mit Benutzer- und Inhaltsberichten.",
    "Built on secure, scalable and reliable techs": "Basierend auf sicheren, skalierbaren und zuverlässigen Technologien",

    "Contact us" : "Kontaktieren Sie uns",
    "Don't hesitate to contact us for any matter. We will get back to you asap." : "Zögern Sie nicht, uns in jeder Angelegenheit zu kontaktieren. Wir werden uns so schnell wie möglich bei Ihnen melden.",

    "Message sent.": "Nachricht gesendet",
    "Email address": "E-Mail Adresse",
    "Subject": "Betreff",
    "Message": "Nachricht",
    "Submit": "Übersenden",
    "Feed" : "Feed",
    "Create" : "Erstellen",
    "Profile" : "Profil",
    "account" : "Account",
    "wallet" :  "Geldbeutel",
    "payments" : "payments",
    "rates" :  "Preise",
    "subscriptions" : "Abos",
    "notifications" :  "Benachrichtigungen",
    "privacy" : "Privatsphäre",
    "verify" :  "Verifizieren",
    "comments": "Kommentar|Kommentieren",
    "Messages": "Nachricht",
    "Messenger": "Messenger",
    "Missing notifications": "Noch keine Benachrichtigungen.",
    "More": "Mehr",
    "My profile": "Mein Profil",
    "Name": "Name",
    "New message received": "Neue Nachricht erhalten",
    "New password": "Neues Passwort",
    "New post": "Neuer Post",
    "New posts from subscribed accounts": "Neue Beiträge von abonnierten Konten",
    "New subscription registered": "Neues Abonnement registriert",
    "Next page": "Nächste Seite",
    "No comments yet.": "Noch keine Kommentare.",
    "No description available.": "Keine Beschreibung verfügbar",
    "No lists available": "Keine Listen verfügbar",
    "No posts available": "Keine Beiträge verfügbar",
    "No profiles available": "Keine Profile verfügbar",
    "Notifications": "Benachrichtigungen",
    "Limited offer main label": "Begrenztes Angebot - :discount% Rabatt für :days_remaining days!",
    "Offer ends label": "Angebot endet :date",
    "One month subscription of": "Ein Monatsabonnement von",
    "Cancel": "Beenden",
    "Continue": "Fortsetzen",
    "Other": "Andere",
    "Paid with": "Gezahlt mit",
    "Password": "Passwort",
    "Payments": "Zahlungen",
    "Photos": "Fotos",
	"Please enter at least 3 characters.":"Bitte geben Sie mindestens 3 Zeichen ein.",	
    "Please enter a list name.": "Bitte geben Sie einen Listennamen ein.",
    "Please enter a valid amount.": "Bitte geben Sie einen gültigen Betrag ein.",
    "Please select your payment method": "Bitte wählen Sie Ihre Zahlungsmethode aus",
    "Previous page": "Vorherige Seite",
    "Pricing": "Preise",
    "Privacy": "Privatsphäre",
    "Privacy Policy": "Datenschutzerklärung",
    "Privacy policy": "Datenschutzerklärung",
    "Proceed with payment": "Fahren Sie mit der Zahlung fort",
    "Promos": "Promotionen",
    "Ready to go, easy to develop and debug boilerplate for multi page, server side rendered apps.": "Sofort einsatzbereite, einfach zu entwickelnde und zu debuggende Boilerplate für mehrseitige, serverseitig gerenderte Apps.",
    "Recent": "Letzte",
    "Refresh suggestions": "Vorschläge aktualisieren",
    "Register": "Registrieren",
    "Or use social" : "Oder nutzen Sie soziale Netzwerke",
    "Regular price label": "Regulärer Preis  :amount :currency / month",
    "Remember Me": "Merken",
    "Remove the bookmark": "Lesezeichen entfernen",
    "Rename list": "Liste umbenennen",
    "Renews": "Erneuert",
    "Report": "Melden",
    "Suggestions": "Zum Profil",
    "Save": "Speichern",
    "Say 'Hi!' to someone!": "Sag Hallo!' zu jemanden!",
    "Send Password Reset Link": "Link zum Zurücksetzen des Passworts senden",
    "Enjoy high quality content, made for you and the ones like you.": "Genießen Sie qualitativ hochwertige Inhalte, die für Sie und Ihre Mitmenschen gemacht sind.",
    "Enjoy private conversations and get tipped for your content.": "Genießen Sie private Gespräche und erhalten Sie Trinkgeld für Ihre Inhalte.",
    "Your content get's safely upload in the cloud and full controll to your account.": "Ihre Inhalte werden sicher in die Cloud hochgeladen und haben die volle Kontrolle über Ihr Konto.",
    "Premium & Private content": "Premium- und private Inhalte",
    "Private chat & Tips": "Privater Chat & Spenden",
    "Secured assets & Privacy focus": "Fokus auf gesicherte Vermögenswerte und Datenschutz",
    "Send a message": "Nachricht senden",
    "Send a new message": "Neue Nachricht senden",
    "Send a new message to": "Nachricht an diesen Benutzer senden: :user",
    "Send a tip": "Spende senden",
    "Set your birthdate.": "Geburtsdatum",
    "Settings": "Einstellungen",
    "Sign in": "Anmelden",
    "Sign up": "Registrieren",
    "Start your own journey now!": "Starten Sie jetzt Ihre eigene Reise!",
    "Status": "Status",
    "Subscribe": "Abonnieren",
    "Subscription": "Abonnement",
    "Subscriptions": "Abonnements",
    "Subscriptions bundles": "Abo-Pakete",
    "Successfully canceled subscription": "Das Abonnement wurde erfolgreich gekündigt.",
    "Support": "Support",
    "Terms of Use": "AGB",
    "Terms of use": "AGB",
    "There are no active or cancelled subscriptions at the moment.": "Derzeit gibt es keine aktiven oder gekündigten Abonnements.",
    "There are no payments on this account.": "Auf diesem Konto sind keine Zahlungen vorhanden.",
    "Tips": "Spenden",
    "To": "an",
    "Try for free": "Kostenlos testen",
    "Start your own premium creators platform with our ready to go solution.": "Starten Sie Ihre eigene Premium-Creator-Plattform mit unserer sofort einsatzbereiten Lösung.",
    "Payment canceled": "Zahlung storniert",
    "Your deposit request of :amount has been approved.": "Ihre Einzahlungsanforderung von :amount wurde genehmigt.",
    "Check your wallet": "Überprüfen Sie Ihre Brieftasche",
    "Your deposit request has been approved": "Ihre Einzahlungsanfrage wurde genehmigt",
    "Partially paid payment": "Teilbezahlte Bestellung",
    "There is a partially paid payment done with NowPayments that requires your attention. (:paymentId)": "Es gibt eine teilweise bezahlte Zahlung mit NowPayments, die Ihre Aufmerksamkeit erfordert. (:paymentId)",
    "Check payment": "Scheckzahlung",


    "Type": "Typ",
    "Update your bio, cover and avatar": "Aktualisieren Sie Ihre Biografie, Ihr Cover und Ihren Avatar",
    "Upload a Goverment issued ID card.": "Laden Sie einen von der Regierung ausgestellten Personalausweis hoch.",
    "Username": "Benutzername",
    "Verify": "Verifizieren",
    "Verify Your Email Address": "Bestätige deine Email-Adresse",
    "Videos": "Videos",
    "Website URL": "Website URL",
    "Write a message..": "Eine Nachricht schreiben..",
    "You got no messages yet.": "Sie haben noch keine Nachrichten erhalten.",

    "Attachment removed." : "Anhang entfernt.",
    "Failed to remove the attachment." : "Der Anhang konnte nicht entfernt werden.",

    "You need to login first": "Sie müssen sich zuerst anmelden",
    "Your active subscriptions": "Ihre aktiven Abonnements",
    "Subscribe to": "Abonnieren Sie :username für :currency:amount für jedes :subscription_interval",
    "Your notifications settings": "Ihre Benachrichtigungseinstellungen",
    "Your payments & wallet": "Ihre Zahlungen und Ihr Portemonnaie",
    "Your post must contain more than 10 characters.": "Ihr Beitrag muss mehr als 10 Zeichen enthalten.",
    "Your privacy and safety matters": "Ihre Privatsphäre und Sicherheit sind wichtig",
    "and": "und",
    "click here to request another": "Klicken Sie hier, um eine weitere anzufordern",
    "days": ":number day|[2,*] :number Tage",
    "months": ":number month| :number Monate",
    "Following": "Folgend",
    "Followers": "Folgend",
    "Blocked": "Blockiert",
    "for": "für",
    "likes": "Like|Likes",
    "profile": "Profil",
    "tips": "Spende|Spenden",
    "Your profile subscription price": "Monatlicher Abonnementpreis",
    "6 months subscription price": "Monatlicher Preis für 6-Monats-Abonnements",
    "12 months subscription price": "Monatlicher Preis für Jahresabonnements",
    "Is offer until" : "Ist Angebot bis",
    "members": ":number Member|[2,*] :number Members",
    "posts": ":number Beitrag|[2,*] :number Beiträge",
    "people": ":number Person|[2,*] :number People",
    "images": ":number Bild|[2,*] :number Bilder",
    "videos": ":number Video|[2,*] :number Videos",
    "audio": ":number Qudio|[2,*] :number Qudio",
    "fans": ":number Fan|[2,*] :number Fans",
    "following": ":number following|:number folgen",
    "to access": "zugreifen",
    "with your content": "mit Ihren Inhalten",
    "DMs unavailable without subscription" : "Der Chat ist nur für Abonnenten verfügbar",

    "Success": "Erfolg",
    "Error": "Fehler",

    "Payment done. You have been credited $:amount Happy spending!": "Zahlung erledigt. Ihnen wurden $:amount gutgeschrieben. Viel Spaß beim Ausgeben!",
    "Payment done. You successfully sent a tip of $:amount.": "Zahlung erledigt. Sie haben erfolgreich ein Trinkgeld in Höhe von $:amount gesendet.",
    "Payment summary": "Zahlungsübersicht",
    "Comment added" : "Kommentar hinzugefügt.",

    "List added" : "Liste hinzugefügt",
    "List renamed" : "Liste umbenannt",

    "New comment received" : "Neuer Kommentar erhalten",
    "Upcoming renewals" :"Anstehende Erneuerungen",
    "Received a tip" : "Spende bekommen",
    "Unlock post for" : "Beitrag freischalten für",
    "Unlock post": "Beitrag freischalten",
    "Join streaming": "Nehmen Sie am Streaming teil",
    "Join streaming now for": "Nehmen Sie jetzt am Streaming teil",
    "You already paid for this streaming": "Sie haben für dieses Streaming bereits bezahlt",
    "You successfully paid for this streaming.": "Sie haben erfolgreich für dieses Streaming bezahlt.",
    "Your live stream is about to end": "Dein Livestream endet bald",
    "Your live stream is about to end in 30 minutes. You can start another one afterwards.": "Dein Livestream endet in 30 Minuten. Sie können danach einen anderen starten.",
    "Go to stream": "Gehen Sie zum Streamen",

    "Cancel subscription" : "Abonnement kündigen",
    "Are you sure you want to cancel this subscription?" : "Möchten Sie dieses Abonnement wirklich kündigen?",
    "Confirm" : "Bestätigen Sie",
    "View invoice": "Rechnung ansehen",

    "pending": "steht aus",
    "completed": "abgeschlossen",
    "suspended":  "ausgesetzt",
    "update-needed": "Update erforderlich",
    "canceled": "beendet",
    "expired":  "abgelaufen",

    "approved":  "zugelassen",
    "declined": "abgelehnt",
    "refunded":  "erstattet",
    "initiated": "eingeleitet",


    "tip": "Spende",
    "deposit": "Einzahlung",
    "one-month-subscription":  "Ein Monatsabonnement",
    "stream-access" : "Steam freigeschaltet",
    "three-months-subscription": "Abonnement für drei Monate",
    "six-months-subscription":  "Abo sechs Monate",
    "yearly-subscription": "Jahresabonnement",
    "subscription-renewal":  "Abo-Verlängerung",

    "post notification" : "Benachrichtigung posten",
    ":name added a new comment on your post" : ":name hat einen neuen Kommentar zu Ihrem Beitrag hinzugefügt.",
    "Send you a message: `:message`": "Sende dir eine Nachricht `:message`",
    "Hello, :name,":  "Hallo, :name,",
    "You've received a new comment on one of your posts at :siteName." : "Sie haben einen neuen Kommentar zu einem Ihrer Beiträge auf :siteName erhalten.",
    "Your notifications": "Deine Benachrichtigungen",
    "New subscription from :name" : "Neues Abonnement von :name.",
    "A new user subscribed to your profile": "Ein neuer Benutzer hat Ihr Profil abonniert.",
    "You got a new subscriber!" : "Du hast einen neuen Abonnenten!",
    "You got a new subscriber! You can see more details over your subscriptions tab.": "Du hast einen neuen Abonnenten! Weitere Details finden Sie auf der Registerkarte „Abonnements“.",
    "Manage your subs": "Verwalten Sie Ihre Abos",
    "sent you a tip of": "hat dir einen Tipp geschickt",
    "You got a new tip!" : "Du hast eine neue Spende!",
    ":name liked your post": ":name mochte deinen Beitrag.",
    ":name liked your comment":":name mochte Ihren Kommentar.",
    "Withdrawal processed": "Ihre Auszahlung von :currencySymbol:amount war :status.",
    "successfully renewed": "erfolgreich verlängert",
    "failed renewing" : "Erneuerung fehlgeschlagen",
    "Check out his profile for more content" : "Weitere Inhalte finden Sie in seinem Profil",
    "Go back to the website": "Gehen Sie zurück zur Website",
    "Your subscription renewal": "Ihre Abonnementverlängerung",
    "Email subscription updated" : "Ihr Abonnement für :name profile :message",
    "Back" : "zurück",

    "Please add your withdrawal notes: EG: Paypal or Bank account." : "Bitte fügen Sie Ihre Auszahlungsnotizen hinzu: ZB: Paypal oder Bankkonto.",
    "Your withdrawal request has been denied.": "Ihre Auszahlungsanfrage wurde abgelehnt.",
    "Your withdrawal request has been approved." : "Ihre Auszahlungsanfrage wurde genehmigt.",
    "Try again" : "Versuchen Sie es nochmal",
    "My payments" : "Meine Zahlungen",
    "Email withdrawal processed" : "Ihre Auszahlungsanfrage bei :siteName hat :status",
    "Email payment request processed" : "Ihre Zahlungsanforderung bei :siteName hat :status",
    "has been sent to your account.": "wurde an Ihr Konto gesendet.",

    "requested": "angefordert",
    "rejected": "hat abgelehnt",
    "verified": "verifiziert",
    "post-unlock": "Post entsperren",

    "Email identity checked" : "'Ihre Identitätsprüfung bei :siteName hat :status.",

    "Your identity check failed." : "Ihre Identitätsprüfung ist fehlgeschlagen.",
    "Your identity check passed." : "Ihre Identitätsprüfung bestanden.",
    "Create a post" : "Erstellen Sie einen Beitrag",
    "Confirm post save" : "Bestätigen Sie das Speichern des Beitrags",
    "Some attachments are still being uploaded." : "Einige Anhänge werden noch hochgeladen.",
    "Are you sure you want to continue?" : "Sind Sie sicher, dass Sie fortfahren möchten?",

    "Email new message title" : "Sie haben eine neue Nachricht auf :siteName!",
    "View your messages" : "Zeigen Sie Ihre Nachrichten an",

    "Upcoming renewal" : "Bevorstehende Erneuerung",
    "Thanks" :  "Danke",

    "Platform statistics": "Plattformstatistiken",
    "Users registered":"Benutzer registriert",
    "New posts": "Neuer Posts",
    "New subscriptions":"Neue Abonnements",
    "Total earned": "Insgesamt verdient",
    "Active subscriptions":"Aktive Abonnements",
    "Subscriptions revenue": "Einnahmen aus Abonnements",
    "Total transactions":"Transaktionen insgesamt",
    "Total amount earned": "Gesamtbetrag verdient",
    "Total posts":"Beiträge insgesamt",
    "Post attachments": "Anhänge posten",
    "Post comments":"Kommentar schreiben",
    "Total reactions": "Totale Reaktionen",

    "Complete your verification": "Vervollständigen Sie Ihre Verifizierung",
    "Please attach clear photos of your ID card back and front side.": "Bitte fügen Sie aussagekräftige Fotos Ihrer Ausweisrück- und -vorderseite bei.",
    "Your info looks good, you're all set to post new content!": "Ihre Informationen sehen gut aus, Sie können neue Inhalte veröffentlichen!",

    "The payouts are manually and it usually take up to 24 hours for a withdrawal to be processed, we will notify you as soon as your request is processed": "Die Auszahlungen erfolgen manuell und es dauert normalerweise bis zu 24 Stunden, bis eine Auszahlung bearbeitet wird. Wir werden Sie benachrichtigen, sobald Ihre Anfrage bearbeitet wurde.",

    "Admin & Site" : "Verwaltung & Website",
    "Domain url or full installation path": "Domänen-URL oder vollständiger Installationspfad",
    "Install script": "Skript installieren",
    "Next": "Nächste",
    "Mandatory requirements": "Obligatorische Anforderungen",
    "PHP Version": "PHP Version",
    "Optional requirements": "Optionale Anforderungen,",
    "FFMpeg paths are configured in admin panel. If not available, videos formats will fallback to mp4, uncompressed videos.": "FFMpeg-Pfade werden im Admin-Panel konfiguriert. Wenn nicht verfügbar, greifen Videoformate auf mp4 zurück, unkomprimierte Videos.",
    "Update the platform": "Aktualisieren Sie die Plattform",
    "Looks like there are no available updates on the current installation": "Es sieht so aus, als ob für die aktuelle Installation keine Updates verfügbar sind",

    "You've backed up your files.": "Sie haben Ihre Dateien gesichert.",
    "You've backed up your database.": "Sie haben Ihre Datenbank gesichert.",
    "You've copied the updated files onto your public directory.": "Sie haben die aktualisierten Dateien in Ihr öffentliches Verzeichnis kopiert.",
    "Go home": "zu Home gehen",
    "Update":"Update",

    "Before being able to publish an item, you need to complete your": "Bevor Sie einen Artikel veröffentlichen können, müssen Sie Ihre",
    "profile verification": "Profil Verifizierung",
    "Contact": "Kontakt",
    "Credit": "Credit",
    "Copyright": "Copyright",

    "Verify email": "E-Mail Verifizierung",
    "Page not found": "Seite nicht gefunden",

    "Install the script": "Installieren Sie das Skript",
    "Update the script": "Aktualisieren Sie das Skript",

    "Your feed": "Dein Feed",
    "Invoice": "Rechnung",
    "Your lists": "Deine Liste",
    "Post": "Post",

    "Please select an user first": "Bitte wählen Sie zuerst einen Benutzer aus",
    "Please enter your message": "Bitte gib deine Nachricht ein",
    "These credentials do not match our records.": "Diese Anmeldeinformationen stimmen nicht mit unseren Aufzeichnungen überein.",

    "Suggestions list refreshed" : "Vorschlagsliste aktualisiert",
    "Error fetching suggestions" : "Fehler beim Abrufen der Vorschläge",
    "Attachments removed successfully": "Anhänge erfolgreich entfernt",
    "List deleted successfully.": "Liste erfolgreich gelöscht.",
    "Not authorized": "Nicht berechtigt",

    "List not found.": "Liste nicht gefunden.",
    "List cleared.":"Liste gelöscht.",
    "Report sent.": "Meldung senden",
    "Looks like the payment process has been cancelled.": "Anscheinend wurde der Zahlungsvorgang abgebrochen.",

    "User not verified. Can not post content.": "Benutzer nicht verifiziert. Inhalt kann nicht gepostet werden.",
    "Not found": "Nicht gefunden",
    "Post not found": "Post nicht gefunden",
    "Post deleted successfully.": "Beitrag erfolgreich gelöscht.",
    "Settings not saved": "Einstellungen nicht gespeichert",
    "Settings saved" : "Einstellungen gespeichert",
    "removed successfully": "erfolgreich entfernt",
    "Invalid setting key": "Ungültiger Einstellungsschlüssel",
    "This subscription is already canceled.": "Dieses Abonnement wurde bereits gekündigt.",

    "Reaction added.": "Reaktion hinzugefügt.",
    "Reaction removed.":"Reaktion entfernt.",

    "Database username": "Database username",
    "Database password": "Database password",

    "Uploaded videos can not longer than :length seconds.": "Hochgeladene Videos dürfen nicht länger als :length Sekunden sein.",

    "Warning": "Warnung",
    "Confirmation email sent. Please check your inbox and spam folder.": "Bestätigungs-E-Mail verschickt. Bitte überprüfen Sie Ihren Posteingang und Spam-Ordner.",
    "You have not confirmed your email address yet": "Sie haben Ihre E-Mail-Adresse noch nicht bestätigt",
    "Click on": "Klicke auf",
    "this link": "Link",
    "to resend the confirmation email": "um die Bestätigungs-E-Mail erneut zu senden",

    "The locked post value must be higher than": "Der gesperrte Beitragswert muss höher sein als",
    "Add attachments" : "Anhänge hinzufügen",

    "Top" : "Top",
    "Latest" : "Neueste",
    "View": "Sicht",
    "No users were found" : "Es wurden keine Benutzer gefunden",

    ":username post": ":username's Post",
    "Get profile QR code": "Holen Sie sich den Profil-QR-Code",
    "Username QR Code": ": QR-Code des Benutzernamens",

    "Filters": "Filter",
    "Gender": "Geschlecht",
    "Gender pronoun": "Geschlechtspronomen",
    "Male": "Männlich",
    "Female": "Weiblich",
    "Couple": "Paar",
    "Min age": "Min Alter",
    "Max age": "Max Alter",

    "This user is not authorized to go live": "Dieser Benutzer ist nicht berechtigt, live zu gehen",
    "Email address successfully verified" : "E-Mail-Adresse erfolgreich bestätigt",

    "Verify your email": "Bestätigen Sie Ihre E-Mail",
    "Verify your email address": "Bestätige deine Email-Adresse",

    "Verify your new device": "Verifizieren Sie Ihr neues Gerät",
    "A fresh verification code has been sent to your email address.": "Ein neuer Bestätigungscode wurde an Ihre E-Mail-Adresse gesendet.",
    "For security reasons, we’ve sent you a code to your email to validate your account.": "Aus Sicherheitsgründen haben wir Ihnen einen Code an Ihre E-Mail gesendet, um Ihr Konto zu validieren.",
    "Resend Code": "Code erneut senden",
    "Enable email 2FA": "E-Mail 2FA aktivieren",
    "If enabled, access from new devices will be restricted until verified.": "Wenn aktiviert, wird der Zugriff von neuen Geräten bis zur Bestätigung eingeschränkt.",
    "Your verification code is:" : "Ihr Bestätigungscode lautet:",
    "The code you entered is invalid.": "Der eingegebene Code ist ungültig.",
    "We sent you a new code over your email address.": "Wir haben Ihnen einen neuen Code über Ihre E-Mail-Adresse gesendet.",
    "Forget device": "Gerät vergessen",
    "Allowed devices": "Erlaubte Geräte",
    "on" : "An",
    "Created at": "Hergestellt in",
    "Desktop" : "Desktop",
    "Mobile" : "Mobiltelefon",
    "Tablet" :  "Tablet",
    "Delete device" :  "Gerät löschen",
    "Are you sure you want to delete this device?" : "Möchten Sie dieses Gerät wirklich löschen?",
    "Device deleted.": "Gerät gelöscht.",

    "Paypal" : "Paypal",
    "Stripe" : "Stripe",
    "Coinbase" :  "Coinbase",
    "NowPayments Crypto" : "NowPayments-Krypto",
    "Manual" :  "Anleitung",

    "minute": "Minute|Minuten",

    "streams": "Stream|Streams",

    "User" : "Benutzer",
    "Stream" : "Stream",

    "Streams": "Streams",
    "Active streams": "Aktive Streams",
    "Previous streams": "Frühere Streams",
    "Length" : "Länge",
    "Stream ended :time time ago": "Stream endete vor: vor langer Zeit",
    ":user's stream" : ":user's Stream",
    "Streaming" : "Streaming",
    "Started streaming" : "Streaming gestartet",
    "Watching": "Ansehen",
    "Requires a subscription" : "Erfordert ein Abonnement",
    "Is public stream" : "Ist ein öffentlicher Stream",
    "On air": "On Air",
    "Go live": "Live gehen",
    "There are no active streams. Click the button above to start a new one.": "Es sind keine Streams aktiv. Klicken Sie auf die Schaltfläche oben, um eine neue zu starten.",
    "There are no previous streams.": "Es gibt keine früheren Streams.",
"New stream": "Neuer Stream",

    "Stream updated successfully.": "Stream erfolgreich aktualisiert.",
    "No active streams available.": "Keine aktiven Streams verfügbar.",
    "The stream has been queued to be stopped": "Der Stream wurde zum Stoppen in die Warteschlange gestellt",
    "Stream could not be found.": "Stream konnte nicht gefunden werden.",
    "The stream has been deleted successfully.": "Der Stream wurde erfolgreich gelöscht.",
    "Invalid stream": "Ungültiger Stream",
    "Stream access denied": "Streamzugriff verweigert",
    "Access denied": "Greifen Sie auf interzis zu",
    "Start a new stream": "Starten Sie einen neuen Stream",
    "Edit stream details": "Streamdetails bearbeiten",
    "Stream name": "Stream Name",
    "Access price": "Zugangspreis",
    "Stream poster": "Zugangspreis",
    "Upload stream poster": "Stream-Poster hochladen",
    "Delete stream": "Stream löschen",
    "Are you sure you want to delete this stream?": "Möchten Sie diesen Stream wirklich löschen?",
    "How to stream": "So streamen Sie",
    "Your stream server is online. In order to get going, follow the steps bellow:": "Ihr Stream-Server ist online. Führen Sie die folgenden Schritte aus, um loszulegen:",
    "Got it": "Verstanden",
    "Download": "Download",
    "for desktop or mobile alternatives.": "für Desktop- oder mobile Alternativen.",
    "Go to": "Gehe zu",
    "For": "Für",
    "select": "auswählen",
    "then for the": "dann für die",
    "use the values below.": "Verwenden Sie die folgenden Werte.",
    "Stream url": "Stream Url",
    "Stream key": "Stream-Schlüssel",
    "Stream VOD unavailable": "VOD-Stream nicht verfügbar",
    "End stream": "Stream beenden",
    "Are you sure you want to end this stream?": "Möchten Sie diesen Stream wirklich beenden?",
    "Stop stream": "Stream stoppen",
    "Stream started": "Stream gestartet",
    "Link copied to clipboard": "Link in die Zwischenablage kopiert",
    "There are no messages yet." : "Es sind noch keine Nachrichten vorhanden.",
    "Stream ended, can't add comments." : "Stream beendet, Kommentare können nicht hinzugefügt werden.",
		
	"Enter only if you are over 18": "18+ Die Seite enthält sexuell explizites Material",
    "Access only from 18. By using the website I accept the ": "Zutritt erst ab 18 Jahre alt. Durch die Nutzung der Website akzeptiere ich die ",
    "Yes": "Über 18",
    "No":"Unter 18",
	"Important!":"Wichtig!",
	"This site only uses technically necessary cookies.":"Diese Seite verwendet ausschließlich technisch notwendige Cookies.",
	"Before deleting your account, you must cancel all active subscriptions on your profile. Otherwise the subscription may continue working!":"Bitte kündigen Sie vorher unbedingt Ihr laufendes Abo, da es sonst bei Ihrem Zahlungsanbieter nicht entfernt wird und weiter berechnet wird.",
	"After sending the form, your account will be permanently deleted!":"Nach Absenden des Formulars wird Ihr Konto innerhalb von 24 Stunden endgültig gelöscht! Abonnements werden ebenfalls ohne Rückerstattung von Restbeträgen gelöscht.",
	"Submit and delete my account permanently":"ABSENDEN UND ACCOUNT UNWIDERRUFLICH LÖSCHEN",
    

	":name added a new comment on your":":name hat einen neuen Kommentar zu Ihrem Beitrag hinzugefügt ➡️",
	"post":"Beitrag",
	":name liked your":"💗 :name mochte dein",
	"In my member area you get access to exclusive content (pictures & videos), live chats with me & much more.":"In meiner Member Area erhältst du Zugang zu exklusivem Content (Bilder & Videos), Live Chats mit mir & vielem mehr.",
	"You can choose between a 1 month subscription for €19.99 and a 3 month subscription for €49.99.":"Du kannst zwischen einem 1 Monats-Abo für 19,99€ und einem 3 Monats-Abo für 49,99€ wählen.",
	"See you! ❤️":"Ich freue mich auf dich! ❤️"
}
